Row_Order,Section,Variable_Label,condition,Timepoint,Score_Variable,N,Mean,SD,M_SD
1,Teacher-Reported Outcomes,BESS IRI,Control,Pre,Imputed_pre_teacher_BESS_IRI,41,9.560975609756097,3.6745665083639794,9.56 (3.67)
1,Teacher-Reported Outcomes,BESS IRI,REP,Pre,Imputed_pre_teacher_BESS_IRI,39,7.897435897435898,3.4166378656499807,7.90 (3.42)
1,Teacher-Reported Outcomes,BESS IRI,Control,Post,Imputed_post_teacher_BESS_IRI,41,9.097560975609756,3.4554658010808077,9.10 (3.46)
1,Teacher-Reported Outcomes,BESS IRI,REP,Post,Imputed_post_teacher_BESS_IRI,39,7.205128205128205,2.4080947609817485,7.21 (2.41)
2,Teacher-Reported Outcomes,BESS ERI,Control,Pre,Imputed_pre_teacher_BESS_ERI,41,4.975609756097561,4.84503769272257,4.98 (4.85)
2,Teacher-Reported Outcomes,BESS ERI,REP,Pre,Imputed_pre_teacher_BESS_ERI,39,4.17948717948718,5.3255678959435855,4.18 (5.33)
2,Teacher-Reported Outcomes,BESS ERI,Control,Post,Imputed_post_teacher_BESS_ERI,41,5.682926829268292,4.457796677677459,5.68 (4.46)
2,Teacher-Reported Outcomes,BESS ERI,REP,Post,Imputed_post_teacher_BESS_ERI,39,3.358974358974359,3.7939507216452615,3.36 (3.79)
3,Teacher-Reported Outcomes,BESS ARI,Control,Pre,Imputed_pre_teacher_BESS_ARI,41,4.731707317073171,3.4133882744562074,4.73 (3.41)
3,Teacher-Reported Outcomes,BESS ARI,REP,Pre,Imputed_pre_teacher_BESS_ARI,39,5.769230769230769,3.645195384710201,5.77 (3.65)
3,Teacher-Reported Outcomes,BESS ARI,Control,Post,Imputed_post_teacher_BESS_ARI,41,5.7560975609756095,2.671895280553469,5.76 (2.67)
3,Teacher-Reported Outcomes,BESS ARI,REP,Post,Imputed_post_teacher_BESS_ARI,39,6.435897435897435,3.3934524555607295,6.44 (3.39)
4,Teacher-Reported Outcomes,BESS BERI,Control,Pre,Imputed_pre_teacher_BESS_BERI,41,67.63414634146342,11.010804006885635,67.63 (11.01)
4,Teacher-Reported Outcomes,BESS BERI,REP,Pre,Imputed_pre_teacher_BESS_BERI,39,61.58974358974359,11.066112208278385,61.59 (11.07)
4,Teacher-Reported Outcomes,BESS BERI,Control,Post,Imputed_post_teacher_BESS_BERI,41,64.4390243902439,9.602210111447794,64.44 (9.60)
4,Teacher-Reported Outcomes,BESS BERI,REP,Post,Imputed_post_teacher_BESS_BERI,39,58.56410256410256,10.184598464541477,58.56 (10.18)
5,Student-Reported Outcomes,YSR - Anxious/Depressed,Control,Pre,Imputed_pre_YSR_Anxious_Depressed,41,63.829268292682926,9.68220646088584,63.83 (9.68)
5,Student-Reported Outcomes,YSR - Anxious/Depressed,REP,Pre,Imputed_pre_YSR_Anxious_Depressed,39,62.666666666666664,11.30983115266335,62.67 (11.31)
5,Student-Reported Outcomes,YSR - Anxious/Depressed,Control,Post,Imputed_post_YSR_Anxious_Depressed,41,64.85365853658537,11.682381982305142,64.85 (11.68)
5,Student-Reported Outcomes,YSR - Anxious/Depressed,REP,Post,Imputed_post_YSR_Anxious_Depressed,39,62.12820512820513,11.358232551486928,62.13 (11.36)
6,Student-Reported Outcomes,YSR - Withdrawn/Depressed,Control,Pre,Imputed_pre_YSR_Withdrawn_Depressed,41,63.46341463414634,10.35639310034051,63.46 (10.36)
6,Student-Reported Outcomes,YSR - Withdrawn/Depressed,REP,Pre,Imputed_pre_YSR_Withdrawn_Depressed,39,64.05128205128206,11.612037125665214,64.05 (11.61)
6,Student-Reported Outcomes,YSR - Withdrawn/Depressed,Control,Post,Imputed_post_YSR_Withdrawn_Depressed,41,62.90243902439025,10.77451826776673,62.90 (10.77)
6,Student-Reported Outcomes,YSR - Withdrawn/Depressed,REP,Post,Imputed_post_YSR_Withdrawn_Depressed,39,61.30769230769231,8.636379133318137,61.31 (8.64)
7,Student-Reported Outcomes,YSR - Somatic Complaints,Control,Pre,Imputed_pre_YSR_SomaticComplaints,41,61.78048780487805,9.722428182100268,61.78 (9.72)
7,Student-Reported Outcomes,YSR - Somatic Complaints,REP,Pre,Imputed_pre_YSR_SomaticComplaints,39,63.794871794871796,9.731066602380904,63.79 (9.73)
7,Student-Reported Outcomes,YSR - Somatic Complaints,Control,Post,Imputed_post_YSR_SomaticComplaints,41,60.609756097560975,9.523334628113432,60.61 (9.52)
7,Student-Reported Outcomes,YSR - Somatic Complaints,REP,Post,Imputed_post_YSR_SomaticComplaints,39,59.333333333333336,9.070871058194244,59.33 (9.07)
8,Student-Reported Outcomes,YSR - Social Problems,Control,Pre,Imputed_pre_YSR_SocialProblems,41,64.36585365853658,9.956796918590275,64.37 (9.96)
8,Student-Reported Outcomes,YSR - Social Problems,REP,Pre,Imputed_pre_YSR_SocialProblems,39,64.94871794871794,9.973514182834236,64.95 (9.97)
8,Student-Reported Outcomes,YSR - Social Problems,Control,Post,Imputed_post_YSR_SocialProblems,41,66.60975609756098,11.676639175679979,66.61 (11.68)
8,Student-Reported Outcomes,YSR - Social Problems,REP,Post,Imputed_post_YSR_SocialProblems,39,60.8974358974359,10.020491824768705,60.90 (10.02)
9,Student-Reported Outcomes,YSR - Internalizing Problems,Control,Pre,Imputed_pre_YSR_InternalizingProblems,41,63.707317073170735,10.018093387563884,63.71 (10.02)
9,Student-Reported Outcomes,YSR - Internalizing Problems,REP,Pre,Imputed_pre_YSR_InternalizingProblems,39,64.33333333333333,9.881757070836013,64.33 (9.88)
9,Student-Reported Outcomes,YSR - Internalizing Problems,Control,Post,Imputed_post_YSR_InternalizingProblems,41,63.24390243902439,13.27738770957013,63.24 (13.28)
9,Student-Reported Outcomes,YSR - Internalizing Problems,REP,Post,Imputed_post_YSR_InternalizingProblems,39,60.23076923076923,12.720603962948704,60.23 (12.72)
10,Student-Reported Outcomes,BFS Internalizing,Control,Pre,Imputed_pre_student_BFS_internalizing,41,8.804878048780488,5.344246963769181,8.80 (5.34)
10,Student-Reported Outcomes,BFS Internalizing,REP,Pre,Imputed_pre_student_BFS_internalizing,39,8.128205128205128,4.8945699621835885,8.13 (4.89)
10,Student-Reported Outcomes,BFS Internalizing,Control,Post,Imputed_post_student_BFS_internalizing,41,8.24390243902439,6.464443084306945,8.24 (6.46)
10,Student-Reported Outcomes,BFS Internalizing,REP,Post,Imputed_post_student_BFS_internalizing,39,6.333333333333334,6.325942132176765,6.33 (6.33)
11,Student-Reported Outcomes,BFS Externalizing,Control,Pre,Imputed_pre_student_BFS_externalizing,41,5.609756097560975,4.779529520677155,5.61 (4.78)
11,Student-Reported Outcomes,BFS Externalizing,REP,Pre,Imputed_pre_student_BFS_externalizing,39,4.3589743589743595,5.4555002640366705,4.36 (5.46)
11,Student-Reported Outcomes,BFS Externalizing,Control,Post,Imputed_post_student_BFS_externalizing,41,6.926829268292683,5.9346029517670305,6.93 (5.93)
11,Student-Reported Outcomes,BFS Externalizing,REP,Post,Imputed_post_student_BFS_externalizing,39,3.333333333333333,4.567236486411341,3.33 (4.57)
12,Student-Reported Outcomes,BFS Total,Control,Pre,Imputed_pre_student_BFS_total,41,14.609756097560975,9.096367540893693,14.61 (9.10)
12,Student-Reported Outcomes,BFS Total,REP,Pre,Imputed_pre_student_BFS_total,39,13.025641025641026,8.33978158077984,13.03 (8.34)
12,Student-Reported Outcomes,BFS Total,Control,Post,Imputed_post_student_BFS_total,41,14.707317073170731,10.759284136128725,14.71 (10.76)
12,Student-Reported Outcomes,BFS Total,REP,Post,Imputed_post_student_BFS_total,39,9.717948717948719,7.883856650238604,9.72 (7.88)
13,Student-Reported Outcomes,SRCS,Control,Pre,Imputed_pre_SRCS_final,41,28.24390243902439,13.037983908190862,28.24 (13.04)
13,Student-Reported Outcomes,SRCS,REP,Pre,Imputed_pre_SRCS_final,39,24.128205128205128,13.55918699468427,24.13 (13.56)
13,Student-Reported Outcomes,SRCS,Control,Post,Imputed_post_SRCS_final,41,26.048780487804876,11.747236312239986,26.05 (11.75)
13,Student-Reported Outcomes,SRCS,REP,Post,Imputed_post_SRCS_final,39,23.41025641025641,16.28321374706245,23.41 (16.28)
14,Student-Reported Outcomes,CASSS - Caregiver,Control,Pre,Imputed_pre_CASSS_caregiver,41,50.926829268292686,14.978968996400319,50.93 (14.98)
14,Student-Reported Outcomes,CASSS - Caregiver,REP,Pre,Imputed_pre_CASSS_caregiver,39,51.94871794871795,14.372760636464047,51.95 (14.37)
14,Student-Reported Outcomes,CASSS - Caregiver,Control,Post,Imputed_post_CASSS_caregiver,41,48.58536585365854,15.398012225212868,48.59 (15.40)
14,Student-Reported Outcomes,CASSS - Caregiver,REP,Post,Imputed_post_CASSS_caregiver,39,54.92307692307692,14.785100279788464,54.92 (14.79)
15,Student-Reported Outcomes,CASSS - Teacher,Control,Pre,Imputed_pre_CASSS_teacher,41,48.36585365853659,13.003376672158993,48.37 (13.00)
15,Student-Reported Outcomes,CASSS - Teacher,REP,Pre,Imputed_pre_CASSS_teacher,39,53.61538461538461,14.964194783083814,53.62 (14.96)
15,Student-Reported Outcomes,CASSS - Teacher,Control,Post,Imputed_post_CASSS_teacher,41,49,16.592166826548002,49.00 (16.59)
15,Student-Reported Outcomes,CASSS - Teacher,REP,Post,Imputed_post_CASSS_teacher,39,56.69230769230769,14.636209327615582,56.69 (14.64)
16,Student-Reported Outcomes,PCOISS,Control,Pre,Imputed_pre_PCOISS,41,16.073170731707318,4.082831394402902,16.07 (4.08)
16,Student-Reported Outcomes,PCOISS,REP,Pre,Imputed_pre_PCOISS,39,15.76923076923077,4.509997890427435,15.77 (4.51)
16,Student-Reported Outcomes,PCOISS,Control,Post,Imputed_post_PCOISS,41,14.195121951219512,3.976301750339894,14.20 (3.98)
16,Student-Reported Outcomes,PCOISS,REP,Post,Imputed_post_PCOISS,39,13.76923076923077,3.814525827340718,13.77 (3.81)
